{
  "8":  [119],
  "9":  [62, 120],
  "10": [47, 63],
  "11": [48, 64],
  "12": [65, 49],
  "13": [66, 50],
  "14": [51],
  "15": [62, 52, 116],
  "16": [63, 53, 117],
  "17": [64, 54, 118],
  "18": [65, 55, 119],
  "19": [66, 56, 120],
  "20": [57],
  "21": [58, 116],
  "22": [59, 117],
  "28": [109],
  "29": [110],
  "30": [116],
  "31": [117],
  "32": [118],
  "33": [119],
  "34": [120],
  "47": [63],
  "48": [64],
  "49": [65],
  "55": [109],
  "56": [110],
  "57": [111],
  "58": [112],
  "59": [113],
  "60": [114],
  "61": [115],
  "62": [9, 116],
  "63": [10, 117, 47],
  "64": [11, 48, 118],
  "65": [12, 49, 119],
  "66": [50, 120],
  "67": [121],
  "68": [62, 122, 116],
  "69": [63, 123, 117],
  "102": [118],
  "103": [119],
  "110": [56],
  "111": [57],
  "112": [58, 116],
  "113": [59, 117],
  "114": [118],
  "115": [119],
  "116": [120],
  "118": [102],
  "119": [65, 103]
}
